ts	phase	decision	why	evidence	result
2026-10-01T16:56:59Z	frame	audited all 18 src + 6 test files; baseline typecheck+80 tests green	know the ground before changing anything	baseline run above	baseline green
2026-10-01T16:56:59Z	frame	triaged 15 findings; 10 fix units, 5 dismissed with reasons	fix what pays, dismiss what does not	audit sweep, src+tests read in full	plan set
2026-10-01T16:56:59Z	design	skip architect/arena for all units	shapes are concrete and mechanical; no contested design	skill rule allows skipping for mechanical work	skip recorded
2026-10-01T17:04:04Z	unit-1 tests	extracted shared test builders stubPi/stubCtx/fetch stubs; unified provider-quota contextFor into stubCtx	one mock vocabulary across test files; speeds new lifecycle tests	tests/helpers.ts, 12 codemod call sites + manual zai site	typecheck + 80/80 green
2026-10-01T17:07:27Z	unit-2 http	new src/http.ts fetchQuotaJsonWithTimeout always reads the body; both timeout wrappers deleted	undici keeps unconsumed bodies tied to sockets until bodyTimeout reaps them; repeated failed polls held sockets	typecheck + 80/80 green; existing url/order assertions unchanged	green, committed
2026-10-01T17:11:18Z	unit-3 lifecycle	unref'd refresh/quick-retry timers + codex child streams; interval fallback now uses named constant	a host that exits without session_shutdown previously had its process held open by the 60s interval	tests/lifecycle-unref.test.ts subprocess probe; gate proven by inducing a fail with unref removed	green, committed
2026-10-01T17:14:43Z	unit-4 model_select	model_select now paints the saved status and refreshes in the background like session_start	model switches previously blocked the event for the whole quota poll, 10s under failures	new background test in extension-smoke.test.ts	green, committed
2026-10-01T17:15:49Z	unit-5 provider perf	groq: 3 requests per poll now parallel; fireworks: account discovery memoized per credential, invalidated on summary failure	fireworks could burn up to 21 requests/min; groq serial RTTs widened the in-flight window	new cache test asserts discovery once, summary twice	green, committed
2026-10-01T17:17:41Z	unit-6 storage	normalizeState prunes: observations stale >/30d (fallback windows kept until reset passes), pending confirmations >/24h, empty pending records omitted	state.json grew per provider/model forever and old pending entries could confirm an unrelated future drop	tests/storage.test.ts (4 cases incl. idempotence)	green, committed
2026-10-01T17:18:45Z	unit-7 dead-code	deleted formatCountdown, formatFooterText (test-only), selectProviderMetricForModel (0 callers); tests pruned to match	unused exports mislead readers and look load-bearing	typecheck + 87/87 green	green, committed
2026-10-01T17:20:28Z	unit-8 release	CI verify job (node 22+24), npm ci reproducibility, prepublishOnly/pre-postversion gates with tests, tarball contents checked via npm pack --dry-run	publishing previously shipped without any test gate; CI now runs the npm-canonical toolchain which was proven green locally	package-lock.json committed; yaml validated; pack dry-run 22 files	green, committed
2026-10-01T17:22:27Z	verify phase	final CI simulation: rm node_modules, npm ci, typecheck, 87 tests; PR opened and linked	the whole change is now checked against the npm-canonical toolchain, not the local shim resolver	PR 8 https://github.com/hafiezul/pi-quota-status/pull/8	done
2026-10-01T17:24:21Z	unit-9 ci gate	check:fetch grep gate in CI + package.json; proven to fail on a planted direct fetch()	a new provider poller could reintroduce the socket leak; the guard enforces the src/http.ts path	negative probe exit=1, clean tree exit=0	green, pushed
